user_id,skills
1,"Python, Machine Learning, AI"
2,"JavaScript, Web Development, React"
3,"Data Science, Python, SQL"
4,"Cybersecurity, Hacking, Network Security"
5,"Cloud Computing, AWS, Google Cloud"
6,"Java, Object-Oriented Programming, Software Development"
7,"Blockchain, Cryptocurrency, Smart Contracts"
8,"DevOps, Docker, Kubernetes"
9,"Data Structures, Algorithms, Problem Solving"
10,"NLP, AI, Python"
11,"Mobile Development, Android, iOS"
12,"Data Science, Statistics, Machine Learning"
13,"Web Development, Frontend, Backend"
14,"Data Engineering, Big Data, SQL"
15,"Cybersecurity, Ethical Hacking, Encryption"
16,"Finance, Investments, Stock Markets"
17,"Python, Deep Learning, TensorFlow"
18,"Design Thinking, Innovation, Problem Solving"
19,"JavaScript, Frontend, Web Development"
20,"Marketing, SEO, Digital Marketing"
21,"Artificial Intelligence, AI, Machine Learning"
22,"Python, Data Science, R Programming"
23,"Cloud Architecture, AWS, Azure"
24,"Java, Mobile Development, Android"
25,"Cybersecurity, Network Security, Hacking"
26,"Data Visualization, Python, Matplotlib"
27,"Machine Learning, Python, TensorFlow"
28,"Big Data, AWS, Data Processing"
29,"Blockchain, Smart Contracts, Cryptocurrency"
30,"Data Science, Data Analysis, R Programming"
31,"Software Development, Java, Object-Oriented Programming"
32,"DevOps, Jenkins, CI/CD"
33,"Python, Data Mining, Data Science"
34,"Mobile Development, Swift, iOS"
35,"Cybersecurity, Ethical Hacking, Network Security"
36,"AI, Python, Data Science"
37,"Deep Learning, AI, TensorFlow"
38,"Frontend, HTML, CSS"
39,"Web Development, JavaScript, Backend"
40,"Machine Learning, Python, AI"
41,"SEO, Marketing, Web Optimization"
42,"Blockchain, Ethereum, Smart Contracts"
43,"Python, Machine Learning, Data Science"
44,"Cloud Computing, AWS, DevOps"
45,"Android Development, Java, Mobile Development"
46,"Finance, Investments, Stock Markets"
47,"Cybersecurity, Ethical Hacking, Encryption"
48,"Artificial Intelligence, AI, Healthcare"
